[
  {
    "Month": "2023-02",
    "2023": 20.0,
    "2024": 0.0
  },
  {
    "Month": "2023-03",
    "2023": 72.0,
    "2024": 0.0
  },
  {
    "Month": "2023-04",
    "2023": 70.0,
    "2024": 0.0
  },
  {
    "Month": "2023-05",
    "2023": 62.0,
    "2024": 0.0
  },
  {
    "Month": "2023-06",
    "2023": 37.0,
    "2024": 0.0
  },
  {
    "Month": "2023-07",
    "2023": 33.0,
    "2024": 0.0
  },
  {
    "Month": "2023-08",
    "2023": 43.0,
    "2024": 0.0
  },
  {
    "Month": "2023-09",
    "2023": 50.0,
    "2024": 0.0
  },
  {
    "Month": "2023-10",
    "2023": 89.0,
    "2024": 0.0
  },
  {
    "Month": "2023-11",
    "2023": 75.0,
    "2024": 0.0
  },
  {
    "Month": "2023-12",
    "2023": 51.0,
    "2024": 0.0
  },
  {
    "Month": "2024-01",
    "2023": 0.0,
    "2024": 65.0
  },
  {
    "Month": "2024-02",
    "2023": 0.0,
    "2024": 71.0
  },
  {
    "Month": "2024-03",
    "2023": 0.0,
    "2024": 67.0
  },
  {
    "Month": "2024-04",
    "2023": 0.0,
    "2024": 91.0
  },
  {
    "Month": "2024-05",
    "2023": 0.0,
    "2024": 77.0
  },
  {
    "Month": "2024-06",
    "2023": 0.0,
    "2024": 44.0
  },
  {
    "Month": "2024-07",
    "2023": 0.0,
    "2024": 35.0
  },
  {
    "Month": "2024-08",
    "2023": 0.0,
    "2024": 58.0
  },
  {
    "Month": "2024-09",
    "2023": 0.0,
    "2024": 55.0
  },
  {
    "Month": "2024-10",
    "2023": 0.0,
    "2024": 57.0
  },
  {
    "Month": "2024-11",
    "2023": 0.0,
    "2024": 73.0
  },
  {
    "Month": "2024-12",
    "2023": 0.0,
    "2024": 41.0
  }
]